{
  "project_info": {
    "project_number": "271542378758",
    "project_id": "aos-app-ade5f",
    "storage_bucket": "aos-app-ade5f.appspot.com"
  },
  "client": [
    {
      "client_info": {
        "mobilesdk_app_id": "1:271542378758:android:2512b5076c50b2bca2fe87",
        "android_client_info": {
          "package_name": "com.example.honinbo"
        }
      },
      "oauth_client": [],
      "api_key": [
        {
          "current_key": "AIzaSyB8KsY1s8KQm2JPIvwRuMpLY1hxjOuWUwY"
        }
      ],
      "services": {
        "appinvite_service": {
          "other_platform_oauth_client": []
        }
      }
    }
  ],
  "configuration_version": "1"
}